1002,POST,BEGIN,1510884934619018811
1002,POST,END,1510884934678104224
1003,POST,BEGIN,1510884935014427436
1003,POST,END,1510884935040557081
1004,POST,BEGIN,1510884935379552040
1004,POST,END,1510884935407118344
1005,POST,BEGIN,1510884935747169855
1005,POST,END,1510884935797025062
1006,POST,BEGIN,1510884936134046548
1006,POST,END,1510884936166379017
1007,POST,BEGIN,1510884936506461800
1007,POST,END,1510884936561806588
1008,POST,BEGIN,1510884936898363944
1008,POST,END,1510884936919074973
1009,POST,BEGIN,1510884937258595158
1009,POST,END,1510884937301452013
1010,POST,BEGIN,1510884937638747135
1010,POST,END,1510884937660173647
1011,POST,BEGIN,1510884937996933570
1011,POST,END,1510884938022233549
1012,POST,BEGIN,1510884938359722199
1012,POST,END,1510884938381614287
1013,POST,BEGIN,1510884938718259452
1013,POST,END,1510884938740871476
1014,POST,BEGIN,1510884939077644803
1014,POST,END,1510884939099753425
1015,POST,BEGIN,1510884939437764493
1015,POST,END,1510884939461372965
1016,POST,BEGIN,1510884939798650199
1016,POST,END,1510884939839920954
1017,POST,BEGIN,1510884940176591118
1017,POST,END,1510884940208130285
1018,POST,BEGIN,1510884940547213114
1018,POST,END,1510884940583785172
1019,POST,BEGIN,1510884940920520128
1019,POST,END,1510884940946829886
1020,POST,BEGIN,1510884941283620822
1020,POST,END,1510884941304918953
1021,POST,BEGIN,1510884941641872427
1021,POST,END,1510884941664699093
1022,POST,BEGIN,1510884942002355674
1022,POST,END,1510884942026423022
1023,POST,BEGIN,1510884942366049653
1023,POST,END,1510884942405398455
1024,POST,BEGIN,1510884942742367793
1024,POST,END,1510884942766686281
1025,POST,BEGIN,1510884943103264523
1025,POST,END,1510884943123267316
1026,POST,BEGIN,1510884943463364076
1026,POST,END,1510884943504728984
1027,POST,BEGIN,1510884943842580785
1027,POST,END,1510884943867449615
1028,POST,BEGIN,1510884944204242012
1028,POST,END,1510884944228719387
1029,POST,BEGIN,1510884944568255545
1029,POST,END,1510884944596370581
